<?xml version="1.0" encoding="UTF-8"?>
<application xmlns:xsi="http://www.w3.org/2001/XMLSchema-instance" xmlns="http://xmlns.jcp.org/xml/ns/javaee" xsi:schemaLocation="http://xmlns.jcp.org/xml/ns/javaee http://xmlns.jcp.org/xml/ns/javaee/application_8.xsd" version="8">
  <display-name>stats-ejb-web-ear</display-name>
  <module>
    <ejb>stats-ejb.jar</ejb>
  </module>
  <module>
    <web>
      <web-uri>stats-ejb-web.war</web-uri>
      <context-root>stats-ejb-web</context-root>
    </web>
  </module>
  <module>
    <web>
      <web-uri>stats-ws.war</web-uri>
      <context-root>stats-ws</context-root>
    </web>
  </module>
  <module>
    <web>
      <web-uri>stats-rs.war</web-uri>
      <context-root>stats-rs</context-root>
    </web>
  </module>
</application>